TYPE,STATUS,NAME,Bakery,Bar,Bike Shop,Bookstore,Brewpub,Child Care,Cinema,Clothing Store,Coffee Shop,Department Store,Dry Cleaners,Fitness Gym,Grocery Store,Music Store,Restaurant,Specialty Snacks & Beverages,Community Center,Fire Station,Govt. Building,Library,School,<$15000,$15000-$34999,$35000-$49999,$50000-$74999,$75000-$99999,$100000 +,1 mile <$15000,1 mile $15000-$34999,1 mile $35000-$49999,1 mile $50000-$74999,1 mile $75000-$99999,1 mile $100000 +,total_pop,avg_HH_size,med_HH_income,med_age,pct_home_ownership,people_per_acre,du_per_acre,total_biz_acre,total_num_employees,market_value,net_acreage,total_du,total_biz,gross_acreage,total_pop 1-mile,avg_HH_size 1-mile,med_HH_income 1-mile,med_age 1-mile,pct_home_ownership 1-mile,people_per_acre 1-mile,du_per_acre 1-mile,total_biz_acre 1-mile,total_num_employees 1-mile,market_value 1-mile,net_acreage 1-mile,total_du 1-mile,total_biz 1-mile,Parks Access,Transit Access,Bike route density,People per acre,Sidewalk density,Private amenities,Block Size,Composite Score,retail,service,other,Narrative
Central City,Adopted,Portland,,,,,,,,,,,,,,,,,,,,,,,,,,,,,,,,,,,,,,,,,,,,,,,,,,,,,,,,,,,,,4.69,3.04,4.72,3.37,4.05,2.62,3.92,69.33,18,39,44,
Regional Center,Adopted,Beaverton,1,5,2,4,0,1,0,10,8,3,3,5,11,1,63,5,0,0,1,1,1,11.00%,21.80%,24.00%,25.00%,8.30%,9.70%,9.40%,21.20%,18.50%,24.40%,11.80%,14.80%,"2,290",2.58,"$45,422 ",30,24.40%,30.2,3.2,1.34,7613,37,328,1047,441,407,"32,908",2.4,"$50,796 ",34.5,41.60%,14,4,0.34,20217,28,3792,15215,1296,4.35,2.25,1.35,2.72,3.27,2.9,2.4,43.7,45,31,24,"The Beaverton Regional Center serves as a retail and transportation hub for Beaverton and unincorporated Washington County. Located directly west of Highway 217 and south of Highway 26, the center is served by several additional ODOT facilities, including State Highway 8 and 10. Two MAX stops, as well as a regional transit center, provide extensive transit service in and out of the center. The center has 2,290 residents, 5,290 employees and 1,047 dwelling units. Beaverton Regional Center contains 407 gross acres."
Regional Center,Adopted,Clackamas,2,0,1,1,0,0,1,42,7,9,1,4,0,1,44,8,0,1,0,1,2,10.30%,22.70%,26.60%,23.80%,8.60%,7.90%,7.10%,16.50%,18.80%,25.30%,12.90%,19.30%,"5,227",2.22,"$44,636 ",28.5,15.20%,36,5.4,0.68,12776,54,500,2680,342,631,"31,649",2.52,"$56,787 ",32.9,46.90%,12,3,0.21,20775,22,4377,13112,919,3.11,1.63,3.76,2.74,1.93,1.96,1.12,33,38,54,8,"The Clackamas Regional Center is located directly adjacent to Interstate 205 and serves as the retail hub of northern Clackamas County and much of East Portland. Located in unicorporated Clackamas county, the center is home to a large regional mall and many destination shops and services. It is the final southbound stop on the newly opened MAX Green Line. This MAX station is also home to a 750-space park-and-ride facility, which allows for extended transit service to 10 bus lines. The regional center is part of an active urban renewal district and contains abundant surface parking. The center has 5,227 residents, 12,059 employees and 2,680 dwelling units. Clackamas Regional Center contains 631 gross acres."
Regional Center,Adopted,Gateway,0,5,1,0,0,2,0,6,7,3,4,5,7,0,42,4,0,0,0,0,6,11.40%,15.40%,20.70%,31.60%,10.20%,10.70%,9.10%,15.00%,15.30%,26.10%,14.60%,19.90%,"8,709",2.45,"$47,871 ",35,40.80%,25.7,6,0.68,7968,47,650,3878,444,809,"59,302",2.61,"$54,368 ",36.7,56.10%,17,5.3,0.28,18233,31,4574,24109,1268,3.6,2.08,3.66,2.7,2.98,1.78,2.18,42.74,25,62,13,"The Gateway Regional Center serves the northeast and eastern portions of Portland along with shoppers and travelers from most locations east of the Willamette River and both sides of the Columbia River. The center is well connected to the entire region through the major transportation corridors of Interstate 205 and Interstate 84. Additionally, the Gateway transit center serves the Blue, Green and Red MAX lines, six bus lines, and contains 690 parking spaces devoted to park-and-ride commuters. Gateway is part of an active urban renewal district. The center has 8,709 residents, 7,447 employees and 3,878 dwelling units. Gateway Regional Center contains 809 gross acres."
Regional Center,Adopted,Gresham,1,5,2,1,1,3,1,19,11,2,3,3,4,0,61,5,1,1,1,1,6,10.10%,23.10%,19.00%,24.50%,13.20%,10.20%,8.80%,18.80%,17.30%,27.10%,17.10%,10.80%,"4,684",2.73,"$47,298 ",31,26.20%,22.3,3.8,0.84,7643,37,552,2098,465,692,"48,395",2.56,"$54,440 ",33.1,47.20%,12.5,4,0.18,13463,23,4933,19810,893,4.06,1.93,4.19,2.65,2.99,2.32,2.35,48.11,39,40,22,"The Gresham Regional Center serves eastern Multnomah County with destination shopping and dining. The center encompasses two distinct neighborhoods: Civic Neighborhood and downtown Gresham. Although not on an interstate highway, the center is served by State Highway 26 (Powell Boulevard), and multiple east-west arterials. Downtown Gresham is the eastern terminus of the MAX Blue Line, which contains a 540-space park-and-ride facility and serves eight separate bus lines. The newly opened Civic Station MAX stop is developing into a transit-oriented site, with ongoing public and private investments. The center has 4,684 residents, 6,902 employees and 2,098 dwelling units. Gresham Regional Center contains 692 gross acres."
Regional Center,Adopted,Hillsboro,2,1,1,0,0,4,1,4,4,0,3,0,5,0,33,0,1,1,1,2,3,13.30%,23.90%,16.70%,25.10%,11.50%,9.60%,9.30%,18.50%,16.90%,25.70%,15.50%,14.10%,"2,336",3.8,"$51,675 ",32.6,45.00%,41.2,3.7,1.54,6421,44,212,784,328,295,"31,694",3.17,"$60,690 ",32,55.90%,11.4,2.9,0.19,11091,16,3753,10787,699,4.06,2.06,4,2.97,3.73,2.35,3.03,54.26,10,43,47,"The Hillsboro Regional Center serves jurisdictions in the western part of region such as Forest Grove and Cornelius as well as rural portions of Washington County. Historic downtown Hillsboro is within the regional center, and is home to the Hillsboro Civic Building, Washington County Courthouse, a satellite campus of Pacific University, and Tuality Community Hospital. The center is the western terminus of the MAX Blue Line, and contains the Hillsboro Central Transit Center, which serves five bus lines. The nearby Hatfield Government Center parking garage contains 250 available spaces for park-and-ride users. The center has 2,336 residents, 6,122 employees and 784 dwelling units. Hillsboro Regional Center contains 295 gross acres."
Regional Center,Not Adopted,Oregon City,1,7,1,0,0,0,0,0,8,0,0,4,0,0,20,0,1,1,0,1,0,12.70%,14.10%,22.50%,23.20%,12.00%,15.50%,8.60%,13.70%,14.60%,25.40%,15.10%,22.60%,256,2.53,"$50,704 ",37.8,48.70%,8,0.2,0.41,3773,12,503,125,204,768,"31,150",2.59,"$62,725 ",37.6,60.70%,7.8,2.3,0.12,10297,16,5282,11919,639,4.06,1.29,3.1,1.48,1.77,1.37,2.09,28.88,44,20,36,"The Oregon City Regional Center is the southernmost regional center, serving Clackamas County and neighboring cities. The oldest incorporated city in Oregon, the center abuts the Willamette River and is known for its historic, small town feel. The transportation network consists of direct access to Interstate 205 and the additional ODOT facilities of McLoughlin Boulevard (Highway 99 East) and Highway 213. The center has 256 residents, 3,380 employees and 125 dwelling units. The center is served by several bus lines, and is included for a potential high capacity transit service in the the Regional Transportation Plan. Oregon City Regional Center contains 503 gross acres."
Regional Center,Adopted,Tanasbourne/Amber Glen,1,0,0,1,0,0,1,28,5,4,1,3,5,1,41,1,0,0,0,0,1,6.40%,16.10%,18.20%,29.40%,16.50%,13.50%,5.60%,12.10%,14.30%,24.90%,17.60%,25.50%,"3,614",1.97,"$58,286 ",29.4,4.60%,15,3.3,0.5,5560,32,610,2037,304,678,"49,133",2.47,"$67,579 ",32,43.70%,12.9,4.2,0.16,16156,25,5046,21241,801,3.69,1.3,3.58,2.24,2.21,1.71,1.12,31.61,49,23,29,"The Tanasbourne Regional Center is located along Cornell Road, south of Highway 26 in Hillsboro. Tanasbourne was upgraded to a regional center in 2010 when the City of Hillsboro completed a new area plan for AmberGlen, subsequently added it to the center boundary, and petitioned the Metro Council for the new designation. The area includes a mix of employment and commercial businesses, notably the Streets of Tanasbourne regional shopping center. The center is serviced by two major arterials, Cornell Road and Northwest 185th Avenue. The center has 3,614 residents, 6,084 employees and 2,037 dwelling units. Tanasbourne Regional Center contains 678 gross acres."
Regional Center,Adopted,Washington Square,1,1,0,2,0,3,0,36,6,6,2,2,3,0,33,8,0,1,0,0,2,11.70%,19.80%,21.60%,24.90%,13.60%,8.40%,6.60%,16.50%,17.80%,24.00%,14.70%,20.40%,"2,465",2.29,"$47,783 ",34,34.80%,20.8,1.5,0.86,13966,33,791,1161,682,914,"45,500",2.44,"$60,133 ",36.2,50.70%,13,3.5,0.3,27586,27,5625,19435,1664,2.59,1.38,3.48,2.38,1.83,1.74,1.15,26.94,32,44,24,"The Washington Square Regional Center is a major retail hub for central and southern Washington County, western Clackamas County, and surrounding cities. It is located in the jurisdictions of both Beaverton and Tigard and a portion of unincorporated Washington County. The Washington Square mall is a thriving shopping center and has attracted many other satellite retail developments. The center is served by Highway 217, Southwest Scholls Ferry Road and Southwest Hall Boulevard. Additionally, the center has a Westside Express Service (WES) commuter rail stop and three bus lines. The center has 2,465 residents, 12,742 employees and 1,161 dwelling units. Washington Square Regional Center contains 914 gross acres."
Town Center,Not Adopted,Aloha,3,2,0,0,0,2,0,0,0,0,1,0,6,0,17,1,0,0,0,0,1,13.00%,20.90%,18.50%,20.10%,13.30%,14.20%,6.90%,13.80%,16.20%,26.80%,16.10%,19.30%,"6,611",2.91,"$48,053 ",29.3,38.00%,18.2,6,0.28,1003,26,419,2520,118,511,"45,914",2.77,"$62,368 ",31.1,48.30%,12.4,4,0.1,5693,22,4168,16642,435,4.3,1.58,2.96,2.42,2.76,1.5,1.5,35.79,39,39,22,"The Aloha Town Center is located along Tualatin Valley Highway, running north and south along 185th Avenue, within Washington County. The center has one ODOT facility within its boundary: Southwest Tualatin Valley Highway (State Highway 8), which connects Beaverton to Hillsboro. Auto-oriented retail locations serve the surrounding community along Southwest Tualatin Valley Highway. The center has 6,610 residents, 1,000 employees and 2,520 dwelling units. Aloha Town Center contains 511 gross acres."
Town Center,Not Adopted,Bethany,0,0,1,0,0,2,0,0,2,0,1,2,1,0,4,1,0,0,0,1,0,3.30%,9.20%,7.70%,16.60%,14.60%,48.60%,2.30%,7.40%,8.10%,18.10%,17.20%,46.80%,"1,641",1.98,"$96,870 ",33.6,69.50%,21.4,8.1,0.63,649,50,107,868,67,122,"27,964",2.88,"$94,093 ",34.4,73.20%,9.5,3.2,0.04,1531,28,3103,9924,138,4.47,1,3.53,2.53,3.64,1.69,1.74,41.45,33,47,21,"The Bethany Town Center is located in northern Washington County, along Bethany Road. The area, in unincorporated Washington County, has no direct highway access and is not serviced by any ODOT facilities. The center is primarily a local retail shopping destination and multi-family housing location. It has 1,641 residents, 649 employees and 868 dwelling units. Bethany Town Center contains 122 gross acres."
Town Center,Adopted,Cedar Mill,0,2,0,0,0,3,0,0,4,0,3,1,3,0,15,2,0,0,0,1,1,8.30%,23.30%,27.40%,20.40%,9.50%,11.10%,4.40%,13.80%,15.10%,20.00%,14.80%,31.80%,"3,185",2.27,"$44,455 ",31.9,29.80%,15.6,5.8,0.54,1476,30,298,1735,160,338,"31,399",2.56,"$70,262 ",37.2,60.60%,10.1,3.3,0.12,7339,29,3828,12558,445,4.08,1.57,1.08,2.15,1.72,1.72,1.31,23.62,32,55,13,"The Cedar Mill Town Center is located north of Highway 26, along Cornell Road in unincorporated Washington County. The center is accessed by two major arterials, Cornell and Murray roads, and is not served by any ODOT facilities. The area is characterized by single-family housing and local retail shopping. It has 3,185 residents, 1,476 employees and 1,735 dwelling units. Cedar Mill Town Center contains 338 gross acres."
Town Center,Not Adopted,Cornelius,1,1,0,0,0,0,0,1,1,0,1,1,0,0,4,9,0,1,1,1,1,9.20%,26.50%,14.30%,22.50%,15.40%,12.10%,10.30%,16.80%,15.00%,26.40%,16.60%,14.90%,"1,864",2.95,"$50,000 ",32,62.40%,10.2,3.3,0.19,352,18,217,722,42,282,"12,124",3.13,"$56,781 ",30.8,63.30%,3.7,1.2,0.03,1721,7,3731,4427,122,4.48,1.53,2.44,1.95,2.54,1.52,2.82,36.68,46,32,22,"The Cornelius Town Center is located along Highway 8, in downtown Cornelius, between downtown Hillsboro and Forest Grove. The center has no major interstate access, but is served by one ODOT facility, Southwest Tualatin Valley Highway (State Highway 8). One frequent service bus line runs along Highway 8, with a connection to Hillsboro and the MAX line. The center has 1,864 residents, 352 employees and 722 dwelling units. Cornelius Town Center contains 282 gross acres."
Town Center,Not Adopted,Damascus,0,1,0,0,0,0,0,0,4,1,0,1,1,0,3,1,0,1,0,0,0,0.00%,0.00%,14.50%,19.40%,27.40%,38.70%,2.20%,4.60%,7.60%,25.20%,18.60%,41.80%,263,3.13,"$87,154 ",42.8,90.60%,3.8,0.4,0.2,555,7,215,88,42,236,"3,908",2.99,"$86,820 ",45,90.30%,1.3,0.4,0.02,752,4,3708,1303,68,1,1,1,1.19,1,1.38,1,2.02,48,20,33,"The Damascus Town Center is located in the southeastern portion of the region. The city, incorporated in 2004, has adopted a comprehensive plan but still has low-density rural zoning in place. The new plan calls for Damascus Town Center to relocate. The Damascus center has no direct access to the interstate system, but is bisected by the ODOT facility State Highway 212. The center has no transit service available. Damascus has 263 residents, 555 employees and 88 dwelling units. Damascus Town Center contains 236 gross acres."
Town Center,Adopted,Fairview,0,1,0,0,0,0,0,0,3,1,0,2,2,0,9,2,0,0,1,1,0,5.30%,12.60%,15.50%,28.20%,18.70%,19.70%,7.90%,15.90%,16.30%,26.90%,17.50%,15.60%,"2,199",2.5,"$63,222 ",34.5,64.20%,12.3,3.4,0.19,755,31,241,813,45,287,"19,935",2.69,"$58,309 ",33.5,56.60%,9,2.6,0.08,6940,17,2990,7832,246,4.26,1.39,3.05,2.1,2.24,1.23,1.85,32.59,79,13,8,"The Fairview/Wood Village Town Center is a combination of two local jurisdictions, located south of Interstate 84 at the intersection of Halsey Avenue and Fairview Road. The town center has direct access to I-84 and is serviced by the major arterials of Halsey and Glisan streets, but is not served by any major ODOT facilities. Both Wood Village and Fairview are serviced by two bus lines, one of which is a frequent service route. The center has 2,199 residents, 755 employees and 813 dwelling units. Fairview/Wood Village Town Center contains 287 gross acres."
Town Center,Not Adopted,Forest Grove,0,1,1,1,0,0,1,0,2,1,0,2,1,0,12,1,0,1,1,1,2,13.60%,21.10%,18.40%,23.10%,12.90%,10.90%,13.90%,18.90%,16.40%,25.40%,13.10%,12.30%,991,6.37,"$47,056 ",30.8,38.90%,26.2,5.2,0.76,1326,22,88,460,67,107,"14,269",2.65,"$50,597 ",34.1,52.80%,6.3,2,0.07,3336,10,2792,5464,198,3.88,1.7,2.96,2.61,3.75,2.33,2.78,46.43,,,,"The Forest Grove Town Center is located on the far western edge of the region. The town center functions as the cultural and commercial heart of the town and is the home of Pacific University, which adds a student population. It has no major interstate access but is directly accessed by the ODOT facility State Highway 8. One frequent service bus line runs along Highway 8 with a connection to Hillsboro and the MAX line. The center has 991 residents (not counting students), 1,326 employees and 460 dwelling units. Forest Grove Town Center contains 107 gross acres."
Town Center,Not Adopted,Gladstone,1,2,0,0,0,0,0,0,1,0,1,0,1,0,5,0,0,1,1,0,0,6.10%,18.40%,11.40%,33.90%,16.70%,13.50%,9.20%,15.50%,13.80%,27.00%,16.00%,18.50%,939,2.76,"$60,901 ",37.2,55.80%,21.7,6,0.69,289,51,57,342,39,85,"17,341",2.65,"$61,605 ",38.4,60.50%,9.6,2.7,0.12,5064,18,2342,6398,280,5,2.19,4,2.63,3.62,1.88,3.38,56.11,11,32,57,"The Gladstone Town Center is located along the former street car line on Portland Avenue. Gladstone has no direct interstate access but has one ODOT facility, McLoughlin Boulevard, located a half mile west of the town center. The center is serviced by two bus lines and a grid street network pattern, encouraging pedestrian connectivity from the surrounding neighborhood to the main street. The center has 939 residents, 289 employees and 342 dwelling units. Gladstone Town Center contains 85 gross acres."
Town Center,Not Adopted,Happy Valley,0,0,0,0,0,0,0,0,1,0,1,1,1,0,2,1,0,0,0,0,0,N/A,N/A,N/A,N/A,N/A,N/A,4.80%,6.40%,7.90%,23.30%,17.10%,40.50%,540,n/a,n/a,n/a,n/a,5.1,1.3,0.11,404,10,185,244,20,212,"9,504",2.87,"$84,206 ",36.5,80.70%,2.9,0.9,0.02,1023,8,3664,3292,87,1.87,1,2.58,1.35,1.01,1,1.13,10.47,71,20,9,"The Happy Valley Town Center has relocated since the 2009 State of the Centers report to the intersection of Southeast 162nd Avenue and Sunnyside Road. It is the retail and government center of Happy Valley and is served by a limited service bus line along Sunnyside Road. There are no ODOT facilities within the town center. The center has 500 residents, 400 employees and 244 dwelling units. Happy Valley Town Center contains 212 gross acres."
Town Center,Adopted,Hillsdale,1,0,0,1,0,1,0,1,1,0,2,2,2,0,14,2,0,1,0,1,4,8.40%,16.40%,17.70%,23.50%,11.70%,22.40%,6.90%,13.90%,15.10%,21.50%,14.40%,28.20%,"1,600",2.02,"$56,912 ",34.1,42.30%,18.3,6.5,0.77,1048,47,145,935,111,181,"22,495",2.07,"$64,800 ",39.3,55.30%,11.3,4.5,0.29,8381,43,2730,12155,801,4.18,2.5,3.57,2.5,1.96,1.98,2.67,44.13,31,54,15,"The Hillsdale Town Center is located in Southwest Portland, along the Beaverton- Hillsdale Highway (State Highway 10), an ODOT-managed facility. The center includes a high school and grade school with an adjacent middle school and is serviced by multiple bus lines, one of which is frequent service. Hillsdale has 1,600 residents, 1,048 employees and 935 dwelling units. Hillsdale Town Center contains 181 gross acres."
Town Center,Adopted,Hollywood,0,3,0,1,0,1,1,3,3,0,3,2,6,0,22,1,0,0,0,1,1,27.30%,18.90%,11.90%,18.80%,10.00%,12.90%,7.40%,15.50%,14.10%,22.20%,16.20%,24.60%,"1,100",1.35,"$38,215 ",48.3,35.90%,60.3,12.1,2.7,3031,145,69,829,185,105,"34,234",2.21,"$63,569 ",41,58.20%,22.9,8.1,0.43,16155,75,2201,17924,952,4.22,2.88,4.16,3,4.74,2.71,3.99,66.77,9,86,4,"The Hollywood Town Center surrounds the intersection of Sandy Boulevard and Northeast Halsey Avenue. The area is high in employment concentrations and housing relative to its size. The center serves the local population with retail services, but also draws from the region due to the development of a concentration of specialty retail. The center has direct access to Interstate 84, is serviced by one MAX stop, and has multiple bus lines that include frequent service routes. The center has 1,100 residents, 3,030 employees and 829 dwelling units. Hollywood Town Center contains 105 gross acres."
Town Center,Not Adopted,King City,1,1,1,0,0,1,0,1,4,1,3,3,3,0,12,1,1,0,1,0,0,9.50%,28.20%,19.30%,21.10%,8.50%,13.40%,8.00%,20.60%,16.80%,21.30%,11.80%,21.70%,465,1.35,"$44,324 ",56.9,44.30%,20.4,4,1.38,1075,53,75,302,104,94,"23,532",2.2,"$54,376 ",44.6,57.90%,10.1,4.4,0.09,2661,25,2595,11444,229,3.03,1.75,3.47,2.48,2.68,2.72,1.13,36.67,54,33,13,"The King City Town Center is bisected by Southwest Pacific Highway (Highway 99 West), an ODOT facility. A single frequent service bus line runs along 99W, allowing for service from King City to surrounding communities along 99W and into central Portland. The center has 465 residents, 1,075 employees and 300 dwelling units. King City Town Center contains 94 gross acres."
Town Center,Adopted,Lake Grove,2,0,0,0,0,0,0,4,3,0,7,0,2,0,19,1,0,0,0,0,1,10.80%,14.90%,16.50%,23.20%,7.20%,27.30%,4.50%,10.40%,12.60%,21.00%,13.10%,38.40%,377,1.95,"$56,040 ",40.2,51.20%,28.7,2.4,2.17,2426,41,98,234,212,118,"21,730",2.44,"$77,080 ",41.4,62.70%,11.3,2.7,0.29,16116,37,3338,8939,954,4.7,1.01,2.71,2.49,2.25,2.42,1.53,36.15,26,38,37,"The Lake Grove Town Center is located roughly at the intersection of Boones Ferry Road and Kruse Way. Lake Grove is serviced by two separate bus lines that allow for connectivity to downtown Lake Oswego, Portland and parts of eastern Washington County. The center has 377 residents, 2,426 employees and 234 dwelling units. Lake Grove Town Center contains 118 gross acres."
Town Center,Adopted,Lake Oswego,2,3,2,1,0,2,1,11,4,0,5,5,5,0,22,3,0,1,1,0,0,6.70%,12.20%,13.80%,22.10%,11.80%,33.40%,6.00%,12.70%,14.80%,21.70%,11.90%,33.00%,"2,194",1.69,"$67,849 ",44.5,43.00%,25.8,8.7,1.38,2054,73,165,1429,227,218,"18,436",2.26,"$67,922 ",45.2,60.10%,6.8,2.5,0.1,4175,26,3302,8301,338,5,1.86,3.98,2.63,2.45,2.48,2.85,50.96,37,24,39,"The Lake Oswego Town Center covers the majority of downtown and land along the Willamette River waterfront. The town center is serviced by three separate bus lines that connect to Portland and eastern Washington County. Highway 43, an ODOT facility, serves the center. The center has 2,194 residents, 2,054 employees and 1,429 dwelling units. Lake Oswego Town Center contains 218 gross acres."
Town Center,Not Adopted,Lents,1,0,0,0,0,0,0,0,2,0,0,0,0,0,6,0,0,1,0,0,0,9.50%,20.50%,21.10%,27.50%,15.90%,5.60%,11.50%,18.90%,18.80%,25.60%,14.60%,10.80%,"1,653",2.8,"$49,340 ",31.3,50.60%,22.2,7.2,0.33,312,33,88,636,29,155,"34,073",2.72,"$50,638 ",35.9,55.80%,13.8,4.7,0.13,5544,23,2863,13438,373,4.52,2.34,4.87,2.38,4.03,1.4,3.47,57.22,25,36,39,"The Lents Town Center is located at the intersection of Interstate 205, an ODOT facility, and Foster Road in Southeast Portland. An Interstate 205 interchange, an ODOT facility, runs through the town center, offering direct auto access. The area is serviced by two bus lines (one of which is frequent service) and the MAX Green Line with a station at Foster Road. The center has 1,653 residents, 312 employees and 636 dwelling units. Lents Town Center contains 155 gross acres."
Town Center,Adopted,Milwaukie,1,2,0,2,0,5,1,2,4,0,2,2,4,0,20,1,0,1,1,1,7,10.30%,20.00%,22.50%,19.00%,14.50%,13.80%,8.30%,16.50%,17.70%,24.00%,15.00%,18.50%,"3,694",2.07,"$48,115 ",38.3,38.60%,16.9,4.5,0.52,3368,26,418,1877,216,579,"31,373",2.24,"$57,750 ",39.8,53.00%,11.1,3.4,0.16,13393,24,4049,13923,646,4.54,1.73,3.01,2.32,2.94,1.59,2.5,41.47,23,54,23,"The Milwaukie Town Center represents the historic main street of downtown Milwaukie, the Highway 224 corridor and the surrounding residential neighborhoods in the area. The area is served by multiple bus lines, has a downtown transit center and will have a light rail station when the MAX line is continued to Milwaukie within the next 5 years. The center has 3,694 residents, 3,368 employees and 1,877 dwelling units. Milwaukie Town Center contains 579 gross acres."
Town Center,Adopted,Murray/Scholls,0,0,0,0,0,0,0,0,0,0,0,0,0,0,0,0,0,0,0,0,0,4.90%,10.90%,22.40%,27.40%,18.60%,15.90%,4.00%,9.50%,15.00%,21.00%,16.80%,33.80%,"2,507",2.02,"$57,662 ",31.1,21.90%,14.1,7.3,0.06,47,38,181,1322,10,204,"32,069",2.68,"$75,578 ",33.5,55.50%,10.8,4,0.06,2419,26,3200,12835,192,4.53,1.01,3.97,2.42,1.87,1.16,1.69,34.43,,,,"The Murray/Scholls Town Center in Beaverton is located at the intersection of Murray Boulevard and Scholls Ferry Road. A mixture of single- and multi-family residential units represent the majority of land uses within the center boundaries. The center has no direct interstate or highway access and is serviced by two bus lines, one along Murray Boulevard and another along Scholls Ferry Road. The center has 2,507 residents, 47 employees and 1,322 dwelling units. Murray/ Scholls Town Center contains 204 gross acres."
Town Center,Not Adopted,Orenco,0,0,0,0,0,0,0,0,2,1,1,2,0,0,18,2,0,0,0,0,0,0.70%,6.80%,12.10%,30.30%,20.70%,29.40%,4.30%,10.90%,13.80%,26.80%,17.50%,26.60%,"3,200",1.78,"$75,054 ",35,21.70%,24.1,10.5,0.36,1175,51,182,1909,66,235,"21,954",2.3,"$69,176 ",31.3,36.00%,9.7,2.8,0.14,13500,22,3639,10277,492,4.3,1.41,3.44,2.62,3.13,1.57,2.18,41.61,72,11,16,"The Orenco Town Center in Hillsboro functions as a local retail destination and medium-density housing location. No major interstate access is available to the town center however, the major arterial of Cornell Road bisects it. The center is serviced by multiple bus lines and a MAX stop, located within its southern portion. The center has 3,200 residents, 1,175 employees and 1,910 dwelling units. Orenco Town Center contains 235 gross acres."
Town Center,Adopted,Pleasant Valley,0,0,0,0,0,0,0,0,0,0,0,0,0,0,0,0,0,0,0,0,0,0.00%,0.00%,8.30%,25.00%,25.00%,41.60%,4.80%,10.30%,12.70%,20.00%,20.60%,31.70%,31,2.21,"$89,441 ",36.3,85.70%,0.6,0.2,0,17,4,77,14,0,77,"6,968",2.78,"$76,981 ",39.4,71.00%,2.4,0.8,0.01,312,7,2982,2483,36,1.45,1,3,1,1,1,1,8.74,,,,"The Pleasant Valley Town Center in Gresham is a rural area brought into the urban growth boundary in 1998. It has no direct highway access and is serviced by Foster Road, the only major street in the center. No bus service is available in Pleasant Valley. Urban development has yet to occur with any frequency in this center. It has 31 residents, 17 employees and 14 dwelling units. Pleasant Valley Town Center contains 77 gross acres."
Town Center,Adopted,Raleigh Hills,1,1,0,0,0,0,0,3,1,0,3,1,3,0,17,0,0,0,0,0,0,11.20%,16.30%,15.90%,15.40%,11.00%,30.20%,7.60%,14.60%,14.30%,18.70%,13.30%,31.40%,"1,599",1.91,"$59,796 ",42.2,48.50%,26,7.2,1.12,1802,48,131,948,147,153,"22,587",2.26,"$67,057 ",42.7,57.10%,8.5,3.3,0.14,5187,27,3264,10659,469,4.02,1.94,2,2.85,1.91,2.22,1.09,32.25,41,44,15,"The Raleigh Hills Town Center is located at the intersection of the Beaverton- Hillsdale Highway, an ODOT facility, and Scholls Ferry Road in unincorporated Washington County, adjacent to Portland. The center is served by three separate bus lines, two of which are frequent service. It has 1,599 residents, 1,800 employees and 948 dwelling units. Raleigh Hills Town Center contains 153 gross acres."
Town Center,Adopted,Rockwood,1,2,0,0,0,2,0,4,3,0,2,0,9,1,31,1,0,0,0,1,4,20.30%,22.70%,23.10%,18.10%,8.60%,7.30%,10.90%,19.30%,18.30%,25.70%,14.30%,11.50%,"16,456",3.39,"$39,943 ",27.8,32.40%,22.7,7.6,0.21,2264,25,826,6278,170,1029,"64,143",2.74,"$51,179 ",33.6,51.10%,13.4,4.4,0.12,11882,26,5677,25075,690,4.15,1.57,3.13,2.63,2.82,1.41,1.9,37.89,33,45,22,"The Rockwood Town Center is located along the Eastside MAX line in Gresham. The center is bisected by two major arterials, Burnside and Stark streets. Two separate MAX stops are within the town center boundaries, as well as two bus lines along Stark Street and 182nd Avenue. The center has 16,456 residents, 2,264 employees and 6,278 dwelling units. Rockwood Town Center contains 1,029 gross acres."
Town Center,Not Adopted,Sherwood,0,0,0,0,0,0,0,1,2,0,0,1,0,0,11,0,0,0,0,0,0,2.70%,6.70%,12.00%,17.30%,16.00%,45.30%,4.60%,9.70%,10.80%,21.80%,14.90%,38.10%,138,2.6,"$91,097 ",34,77.90%,16.9,0.8,0.95,1325,48,86,69,82,109,"13,669",2.75,"$78,940 ",32.2,71.80%,5.5,1.6,0.08,3525,12,3120,5000,240,4.12,1.68,2,2.42,2.22,2.52,1.42,33.46,64,27,9,"The Sherwood Town Center is located at the junction of Highway 99 West, an ODOT facility, and Tualatin-Sherwood Road. Sherwood has no direct interstate access. One bus line services the town center and continues to the Old Town portion of downtown Sherwood. Sherwood has 138 residents, 1,325 employees and 69 dwelling units. Sherwood Town Center contains 109 gross acres."
Town Center,Adopted,St. Johns,0,1,1,1,0,0,1,2,4,0,0,1,4,1,19,1,0,0,0,0,1,15.90%,31.00%,17.00%,17.30%,10.50%,8.30%,11.50%,22.00%,16.20%,26.00%,15.50%,8.90%,437,2.12,"$36,853 ",37.9,43.10%,30,5.1,1.83,857,68,43,219,79,70,"18,567",2.59,"$50,263 ",34,52.60%,11.5,3.8,0.11,4575,22,2013,7669,224,4.88,3.72,4,2.95,4.98,3.28,4.58,76.41,28,31,41,"The St. Johns Town Center is located in North Portland, adjacent to the Willamette River. St. Johns has no direct interstate access, but can access U.S. Highway 30 by crossing the Willamette River at the St. Johns Bridge. The area is served by five bus lines, including one frequent service line, allowing for multiple transportation options both in and out of the center. St. Johns has 437 residents, 857 employees and 219 dwelling units. St. Johns Town Center contains 70 gross acres."
Town Center,Not Adopted,Sunset Transit,1,0,0,0,0,1,0,0,2,0,1,0,1,0,6,2,0,0,0,0,0,N/A,N/A,N/A,N/A,N/A,N/A,5.30%,14.60%,16.50%,21.40%,13.30%,29.00%,"1,939",n/a,n/a,n/a,n/a,39.2,4.2,0.8,6221,40,208,879,167,262,"25,243",2.32,"$65,233 ",37.9,55.90%,10.9,3.2,0.16,11412,25,3361,10728,549,3.19,1.77,2.54,2.35,1.86,1.43,1.45,27.07,3,94,3,"The Sunset Transit Town Center in unincorporated Washington County, adjacent to Beaverton, is located at the intersection of several major arterials including Barnes Road, Highway 26, Highway 217 and the MAX. The Sunset Transit Center serves as a transportation hub for the north portion of Washington County and northwest Portland. As a transit center, the area is serviced by multiple bus lines and both Blue and Red Line MAX trains. The center has 1,940 residents, 6,220 employees and 879 dwelling units. Sunset Transit Town Center contains 262 gross acres."
Town Center,Adopted,Tigard,1,0,1,0,0,3,2,3,4,0,2,3,2,0,37,1,0,1,1,0,4,7.60%,16.80%,21.50%,26.60%,13.00%,14.60%,5.60%,13.70%,15.30%,22.90%,14.80%,27.80%,"1,923",2.32,"$53,777 ",32.3,28.60%,15.8,1.7,0.7,6876,30,558,944,389,702,"39,885",2.51,"$66,312 ",37.1,55.80%,12.6,3.1,0.3,26244,31,5259,16177,1597,3.63,1.65,4.33,2.08,2.03,1.58,1.49,34.99,19,36,45,"The Tigard Town Center includes the newly added Tigard Triangle area to the existing town center. The center is focused around the ODOT facility of Highway 99 West and has been chosen as the priority corridor for a study of future high capacity transit expansion in the region. The center is serviced by multiple bus lines and is home to a TriMet transit center and a Westside Express Service (WES) commuter rail station. The center has 1,923 residents, 6,876 employees and 944 dwelling units. Tigard Town Center contains 702 gross acres."
Town Center,Adopted,Troutdale,1,0,0,1,0,0,0,10,0,0,0,0,0,0,7,0,0,0,1,0,2,5.40%,10.60%,22.40%,32.70%,14.10%,14.70%,4.20%,12.10%,14.40%,28.60%,20.10%,20.60%,"1,924",2.53,"$58,685 ",34.3,61.90%,7.9,2.5,0.23,775,17,343,853,80,418,"17,519",2.91,"$65,196 ",31.6,63.40%,5.7,1.5,0.06,6861,12,4287,6471,236,3.72,1.45,2.45,1.64,2.1,1.17,1.63,25.58,57,22,21,"The Troutdale Town Center is located at the eastern end of the region. The center includes a historic main street in downtown Troutdale as well as a significant portion of land west of downtown. The center has direct access to Interstate 84 and contains the historic Columbia River Highway, an ODOT facility. The center has 1,924 residents, 775 employees and 853 dwelling units. Troutdale Town Center contains 418 gross acres."
Town Center,Adopted,Tualatin,0,1,0,0,0,1,0,0,5,2,4,3,3,0,44,3,0,1,1,1,3,5.30%,19.80%,19.60%,26.10%,12.80%,16.40%,5.40%,12.70%,15.30%,26.00%,14.10%,26.50%,"3,636",2.05,"$53,704 ",28.1,5.00%,17.6,4.2,0.67,3332,30,395,1661,266,462,"22,338",2.57,"$65,601 ",33.8,48.60%,10,2.3,0.23,16680,23,3912,8834,893,3.93,1.32,2.81,2.48,2.39,2.04,1.22,32.83,35,25,40,"The Tualatin Town Center is located at the intersection of Tualatin-Sherwood and Boones Ferry roads, both major arterials. The center is serviced by multiple bus lines and has a stop on the Westside Express Service (WES) commuter rail line. The center has 3,636 residents, 3,332 employees and 1,660 dwelling units. Tualatin Town Center contains 462 gross acres."
Town Center,Not Adopted,West Linn,1,1,0,0,0,4,0,1,5,0,1,4,2,0,20,1,0,1,0,1,5,3.30%,12.40%,12.60%,20.00%,14.70%,36.90%,6.20%,12.10%,12.60%,21.10%,14.00%,34.00%,"2,492",2.44,"$81,054 ",40.3,72.40%,13,2.8,0.53,1620,28,316,896,166,462,"30,016",2.58,"$72,217 ",39,63.50%,6.6,2,0.1,8582,17,5872,11690,612,4.51,1.13,2.58,1.8,2.02,1.53,2.77,33.34,31,40,28,"The West Linn town centers are represented by two distinct geographic locations, Bolton and Historic Willamette. Both locations are served by Interstate 205, an ODOT facility. Both centers are also serviced by bus lines. The centers have a combined total of 2,492 residents, 1,620 employees and 896 dwelling units. West Linn town centers contain a combined total of 462 gross acres, 274 in Bolton and 188 in Historic Willamette. Metro context tool results and center boundary map (p. 105) are specific to Historic Willamette. All other data reflect both Historic Willamette and Bolton locations."
Town Center,Not Adopted,West Portland,0,1,0,2,0,3,0,0,1,0,1,1,2,0,12,0,0,0,0,1,2,5.90%,15.30%,20.80%,23.20%,16.00%,18.80%,5.50%,12.80%,13.40%,22.30%,16.50%,29.60%,"2,880",2.33,"$59,267 ",33.1,44.30%,29.4,6.5,0.79,3820,39,228,1489,180,339,"31,327",2.32,"$69,668 ",39.9,63.10%,11.1,4,0.18,8546,32,3599,14221,655,4.54,2.19,2.84,2.65,1.59,1.6,2.67,39.56,6,26,68,"The West Portland Town Center is located at the interchange of Highway 99 West. The majority of service activity in the center revolves around Capital Highway and businesses located along Barbur Boulevard. The center is bisected by two ODOT facilities: Interstate 5 and Highway 99 West. The area is serviced by multiple bus lines, with one frequent service line along Barbur Boulevard. It has 2,880 residents, 3,820 employees and 1,489 dwelling units. West Portland Town Center contains 339 gross acres."
Town Center,Adopted,Wilsonville,1,2,0,0,0,2,1,1,1,0,3,3,4,0,26,1,0,0,1,1,1,3.90%,13.50%,13.50%,24.00%,19.30%,25.90%,5.50%,15.20%,15.30%,21.10%,16.60%,26.30%,"1,292",2.02,"$68,887 ",29.7,29.60%,17.8,3.5,0.66,2107,26,191,662,127,230,"13,497",2.31,"$65,990 ",35.8,47.50%,6.8,2,0.1,7256,16,3067,6190,311,4.18,1.96,2.76,2.42,2.48,2.24,1.1,36.2,45,24,31,"The Wilsonville Town Center is located east of Interstate 5, in downtown Wilsonville. The center has direct access to I-5, and is also serviced by WilsonvilleÕs own Transit service, SMART, and by bus into the Portland area, a shuttle that runs between Wilsonville and Salem during the week and a Westside Express Service (WES) commuter rail stop located just outside of the center. The center has 1,292 residents, 2,110 employees and 662 dwelling units. Wilsonville Town Center contains 230 gross acres."
